column,disposition,pct_missing
id,identifier/text-drop,0.0
member_id,identifier/text-drop,100.0
loan_amnt,application-time (KEEP),0.0
funded_amnt,LEAK-drop,0.0
funded_amnt_inv,LEAK-drop,0.0
term,application-time (KEEP),0.0
int_rate,judgment-call (test both),0.0
installment,application-time (KEEP),0.0
grade,judgment-call (test both),0.0
sub_grade,judgment-call (test both),0.0
emp_title,identifier/text-drop,7.39
emp_length,application-time (KEEP),6.5
home_ownership,application-time (KEEP),0.0
annual_inc,application-time (KEEP),0.0
verification_status,application-time (KEEP),0.0
issue_d,application-time (KEEP),0.0
loan_status,target-source,0.0
pymnt_plan,LEAK-drop,0.0
url,identifier/text-drop,0.0
desc,identifier/text-drop,94.42
purpose,application-time (KEEP),0.0
title,identifier/text-drop,1.03
zip_code,identifier/text-drop,0.0
addr_state,application-time (KEEP),0.0
dti,application-time (KEEP),0.08
delinq_2yrs,application-time (KEEP),0.0
earliest_cr_line,application-time (KEEP),0.0
fico_range_low,application-time (KEEP),0.0
fico_range_high,application-time (KEEP),0.0
inq_last_6mths,application-time (KEEP),0.0
mths_since_last_delinq,application-time (KEEP),51.25
mths_since_last_record,application-time (KEEP),84.11
open_acc,application-time (KEEP),0.0
pub_rec,application-time (KEEP),0.0
revol_bal,application-time (KEEP),0.0
revol_util,application-time (KEEP),0.08
total_acc,application-time (KEEP),0.0
initial_list_status,application-time (KEEP),0.0
out_prncp,LEAK-drop,0.0
out_prncp_inv,LEAK-drop,0.0
total_pymnt,LEAK-drop,0.0
total_pymnt_inv,LEAK-drop,0.0
total_rec_prncp,LEAK-drop,0.0
total_rec_int,LEAK-drop,0.0
total_rec_late_fee,LEAK-drop,0.0
recoveries,LEAK-drop,0.0
collection_recovery_fee,LEAK-drop,0.0
last_pymnt_d,LEAK-drop,0.11
last_pymnt_amnt,LEAK-drop,0.0
next_pymnt_d,LEAK-drop,59.51
last_credit_pull_d,LEAK-drop,0.0
last_fico_range_high,LEAK-drop,0.0
last_fico_range_low,LEAK-drop,0.0
collections_12_mths_ex_med,LEAK-drop,0.01
mths_since_last_major_derog,application-time (KEEP),74.31
policy_code,application-time (KEEP),0.0
application_type,application-time (KEEP),0.0
annual_inc_joint,near-empty-drop,94.66
dti_joint,near-empty-drop,94.66
verification_status_joint,near-empty-drop,94.88
acc_now_delinq,application-time (KEEP),0.0
tot_coll_amt,application-time (KEEP),3.11
tot_cur_bal,application-time (KEEP),3.11
open_acc_6m,application-time (KEEP),38.31
open_act_il,application-time (KEEP),38.31
open_il_12m,application-time (KEEP),38.31
open_il_24m,application-time (KEEP),38.31
mths_since_rcnt_il,application-time (KEEP),40.25
total_bal_il,application-time (KEEP),38.31
il_util,application-time (KEEP),47.28
open_rv_12m,application-time (KEEP),38.31
open_rv_24m,application-time (KEEP),38.31
max_bal_bc,application-time (KEEP),38.31
all_util,application-time (KEEP),38.32
total_rev_hi_lim,application-time (KEEP),3.11
inq_fi,application-time (KEEP),38.31
total_cu_tl,application-time (KEEP),38.31
inq_last_12m,application-time (KEEP),38.31
acc_open_past_24mths,application-time (KEEP),2.21
avg_cur_bal,application-time (KEEP),3.11
bc_open_to_buy,application-time (KEEP),3.31
bc_util,application-time (KEEP),3.36
chargeoff_within_12_mths,LEAK-drop,0.01
delinq_amnt,application-time (KEEP),0.0
mo_sin_old_il_acct,application-time (KEEP),6.15
mo_sin_old_rev_tl_op,application-time (KEEP),3.11
mo_sin_rcnt_rev_tl_op,application-time (KEEP),3.11
mo_sin_rcnt_tl,application-time (KEEP),3.11
mort_acc,application-time (KEEP),2.21
mths_since_recent_bc,application-time (KEEP),3.25
mths_since_recent_bc_dlq,application-time (KEEP),77.01
mths_since_recent_inq,application-time (KEEP),13.07
mths_since_recent_revol_delinq,application-time (KEEP),67.25
num_accts_ever_120_pd,application-time (KEEP),3.11
num_actv_bc_tl,application-time (KEEP),3.11
num_actv_rev_tl,application-time (KEEP),3.11
num_bc_sats,application-time (KEEP),2.59
num_bc_tl,application-time (KEEP),3.11
num_il_tl,application-time (KEEP),3.11
num_op_rev_tl,application-time (KEEP),3.11
num_rev_accts,application-time (KEEP),3.11
num_rev_tl_bal_gt_0,application-time (KEEP),3.11
num_sats,application-time (KEEP),2.59
num_tl_120dpd_2m,application-time (KEEP),6.8
num_tl_30dpd,application-time (KEEP),3.11
num_tl_90g_dpd_24m,application-time (KEEP),3.11
num_tl_op_past_12m,application-time (KEEP),3.11
pct_tl_nvr_dlq,application-time (KEEP),3.12
percent_bc_gt_75,application-time (KEEP),3.33
pub_rec_bankruptcies,application-time (KEEP),0.06
tax_liens,application-time (KEEP),0.0
tot_hi_cred_lim,application-time (KEEP),3.11
total_bal_ex_mort,application-time (KEEP),2.21
total_bc_limit,application-time (KEEP),2.21
total_il_high_credit_limit,application-time (KEEP),3.11
revol_bal_joint,near-empty-drop,95.22
sec_app_fico_range_low,near-empty-drop,95.22
sec_app_fico_range_high,near-empty-drop,95.22
sec_app_earliest_cr_line,near-empty-drop,95.22
sec_app_inq_last_6mths,near-empty-drop,95.22
sec_app_mort_acc,near-empty-drop,95.22
sec_app_open_acc,near-empty-drop,95.22
sec_app_revol_util,near-empty-drop,95.3
sec_app_open_act_il,near-empty-drop,95.22
sec_app_num_rev_accts,near-empty-drop,95.22
sec_app_chargeoff_within_12_mths,near-empty-drop,95.22
sec_app_collections_12_mths_ex_med,near-empty-drop,95.22
sec_app_mths_since_last_major_derog,near-empty-drop,98.41
hardship_flag,LEAK-drop,0.0
hardship_type,LEAK-drop,99.52
hardship_reason,LEAK-drop,99.52
hardship_status,LEAK-drop,99.52
deferral_term,near-empty-drop,99.52
hardship_amount,LEAK-drop,99.52
hardship_start_date,LEAK-drop,99.52
hardship_end_date,LEAK-drop,99.52
payment_plan_start_date,near-empty-drop,99.52
hardship_length,LEAK-drop,99.52
hardship_dpd,LEAK-drop,99.52
hardship_loan_status,LEAK-drop,99.52
orig_projected_additional_accrued_interest,near-empty-drop,99.62
hardship_payoff_balance_amount,LEAK-drop,99.52
hardship_last_payment_amount,LEAK-drop,99.52
disbursement_method,application-time (KEEP),0.0
debt_settlement_flag,LEAK-drop,0.0
debt_settlement_flag_date,near-empty-drop,98.49
settlement_status,LEAK-drop,98.49
settlement_date,LEAK-drop,98.49
settlement_amount,LEAK-drop,98.49
settlement_percentage,LEAK-drop,98.49
settlement_term,LEAK-drop,98.49
is_terminal,derived,
