State,State Total Accidents,Road Feature,Avg Severity (Present),Avg Severity (Absent),Difference,Count Present,% of State's Accidents
AL,95890,Amenity,2.1301369863013697,2.2516893658863157,-0.12155237958494602,292,0.3
AL,95890,Bump,,2.2513192199395142,,0,0.0
AL,95890,Crossing,2.0743927125506074,2.2550418467960047,-0.1806491342453973,1976,2.06
AL,95890,Give_Way,2.0163755458515285,2.2558952986455165,-0.23951975279398807,1832,1.91
AL,95890,Junction,2.3506178822389145,2.246853306888397,0.10376457535051742,4127,4.3
AL,95890,No_Exit,2.0,2.2513585397653193,-0.2513585397653193,15,0.02
AL,95890,Railway,2.0817120622568095,2.2517750149007143,-0.1700629526439048,257,0.27
AL,95890,Roundabout,,2.2513192199395142,,0,0.0
AL,95890,Station,2.022727272727273,2.2525848870619325,-0.22985761433465957,528,0.55
AL,95890,Stop,2.0416666666666665,2.2537074148296594,-0.2120407481629929,1080,1.13
AL,95890,Traffic_Calming,1.8,2.25136629119733,-0.45136629119732974,10,0.01
AL,95890,Traffic_Signal,2.033493846976993,2.3040544041450777,-0.2705605571680847,18690,19.49
AL,95890,Turning_Loop,,2.2513192199395142,,0,0.0
AR,18385,Amenity,2.2195121951219514,2.2857064980375053,-0.06619430291555384,41,0.22
AR,18385,Bump,,2.285558879521349,,0,0.0
AR,18385,Crossing,2.101176470588235,2.2944967208440263,-0.19332025025579114,850,4.62
AR,18385,Give_Way,2.3076923076923075,2.285543217940344,0.02214908975196339,13,0.07
AR,18385,Junction,2.20907418761496,2.2930046556046317,-0.08393046798967152,1631,8.87
AR,18385,No_Exit,2.0833333333333335,2.2856909595602244,-0.2023576262268909,12,0.07
AR,18385,Railway,2.4895833333333335,2.2844879435726395,0.20509538976069397,96,0.52
AR,18385,Roundabout,,2.285558879521349,,0,0.0
AR,18385,Station,2.0,2.2856365614798695,-0.2856365614798695,5,0.03
AR,18385,Stop,2.409090909090909,2.285262526579794,0.12382838251111528,44,0.24
AR,18385,Traffic_Calming,,2.285558879521349,,0,0.0
AR,18385,Traffic_Signal,2.1331877729257642,2.2894516650861827,-0.15626389216041847,458,2.49
AR,18385,Turning_Loop,,2.285558879521349,,0,0.0
AZ,153989,Amenity,2.0397152491569877,2.12934179222839,-0.0896265430714025,2669,1.73
AZ,153989,Bump,1.9966777408637875,2.1283029200649337,-0.13162517920114625,602,0.39
AZ,153989,Crossing,1.96251927633806,2.2149580915538363,-0.2524388152157764,53174,34.53
AZ,153989,Give_Way,1.9489575844716032,2.129418472063854,-0.18046088759225087,1391,0.9
AZ,153989,Junction,2.242070725483048,2.123566527275543,0.1185041982075048,5486,3.56
AZ,153989,No_Exit,1.9641857862339116,2.1297092022443858,-0.16552341601047416,1787,1.16
AZ,153989,Railway,1.9589939857845817,2.1298172975814933,-0.17082331179691157,1829,1.19
AZ,153989,Roundabout,2.25,2.127785173880573,0.12221482611942713,4,0.0
AZ,153989,Station,2.0036827890989444,2.1311601163318126,-0.1274773272328682,4073,2.64
AZ,153989,Stop,2.0265567210331654,2.139931343457264,-0.11337462242409879,16493,10.71
AZ,153989,Traffic_Calming,1.9967845659163987,2.1283196515547673,-0.13153508563836858,622,0.4
AZ,153989,Traffic_Signal,1.9587609112199276,2.2019734813444343,-0.2432125701245067,46970,30.5
AZ,153989,Turning_Loop,,2.1277883485184006,,0,0.0
CA,1567136,Amenity,2.0482666666666667,2.18345881382055,-0.13519214715388328,11250,0.72
CA,1567136,Bump,2.117777777777778,2.182525494242247,-0.0647477164644692,900,0.06
CA,1567136,Crossing,2.0728520681558193,2.1886232043722385,-0.1157711362164191,83045,5.3
CA,1567136,Give_Way,2.027173913043478,2.1826891621813647,-0.1555152491378866,2024,0.13
CA,1567136,Junction,2.2268075177026416,2.1769837546395334,0.049823763063108206,173138,11.05
CA,1567136,No_Exit,2.1517533252720678,2.182520782736563,-0.030767457464495163,1654,0.11
CA,1567136,Railway,2.244636762554851,2.181830727245526,0.06280603530932494,16408,1.05
CA,1567136,Roundabout,2.0,2.1824941324215774,-0.18249413242157742,50,0.0
CA,1567136,Station,2.154202087592812,2.18317555184305,-0.028973464250237946,37172,2.37
CA,1567136,Stop,2.060100673176057,2.186477420307063,-0.126376747131006,49467,3.16
CA,1567136,Traffic_Calming,2.0833333333333335,2.182571898613886,-0.0992385652805523,1320,0.08
CA,1567136,Traffic_Signal,2.093767876566088,2.190119201314465,-0.09635132474837693,124115,7.92
CA,1567136,Turning_Loop,,2.1824883098850387,,0,0.0
CO,82835,Amenity,2.105022831050228,2.46830193295816,-0.3632791019079318,1095,1.32
CO,82835,Bump,2.7542372881355934,2.463084976486091,0.2911523116495025,118,0.14
CO,82835,Crossing,2.0956515650164556,2.5401289494413164,-0.44447738442486084,14281,17.24
CO,82835,Give_Way,2.430795847750865,2.463729530617455,-0.032933682866590264,578,0.7
CO,82835,Junction,2.5326724661136963,2.459110049812561,0.07356241630113525,4943,5.97
CO,82835,No_Exit,2.331825037707391,2.4645621379545344,-0.13273710024714358,663,0.8
CO,82835,Railway,2.3095684803001877,2.4644966100459285,-0.15492812974574077,533,0.64
CO,82835,Roundabout,2.0,2.463505323900814,-0.4635053239008138,1,0.0
CO,82835,Station,2.089811320754717,2.469574285363759,-0.3797629646090419,1325,1.6
CO,82835,Stop,2.2693535514764567,2.4695564491030635,-0.2002028976266068,2506,3.03
CO,82835,Traffic_Calming,2.708955223880597,2.4631020181134446,0.24585320576715253,134,0.16
CO,82835,Traffic_Signal,2.118557044742282,2.539756478669772,-0.42119943392749004,14997,18.1
CO,82835,Turning_Loop,,2.4634997283756865,,0,0.0
CT,62390,Amenity,2.235294117647059,2.381853617679273,-0.14655950003221418,306,0.49
CT,62390,Bump,,2.381134797243148,,0,0.0
CT,62390,Crossing,2.4856199905704854,2.3774577311719125,0.10816225939857294,2121,3.4
CT,62390,Give_Way,2.3,2.3813564770170363,-0.08135647701703652,170,0.27
CT,62390,Junction,2.345384204909285,2.3860166867052865,-0.04063248179600176,7496,12.01
CT,62390,No_Exit,2.096774193548387,2.381417661404184,-0.2846434678557972,62,0.1
CT,62390,Railway,2.2583333333333333,2.3813714469246827,-0.12303811359134942,120,0.19
CT,62390,Roundabout,,2.381134797243148,,0,0.0
CT,62390,Station,2.3958333333333335,2.381123480157839,0.014709853175494558,48,0.08
CT,62390,Stop,2.5589005235602094,2.3789309706941877,0.17996955286602168,764,1.22
CT,62390,Traffic_Calming,,2.381134797243148,,0,0.0
CT,62390,Traffic_Signal,2.486929552503323,2.3771639532369915,0.10976559926633156,2257,3.62
CT,62390,Turning_Loop,,2.381134797243148,,0,0.0
DC,15756,Amenity,2.1512605042016806,2.16777856635912,-0.01651806215743923,1666,10.57
DC,15756,Bump,2.0,2.1661163322326646,-0.16611633223266464,8,0.05
DC,15756,Crossing,2.1517003188097767,2.170530353569046,-0.018830034759269143,3764,23.89
DC,15756,Give_Way,2.056603773584906,2.1664013245876586,-0.10979755100275268,53,0.34
DC,15756,Junction,2.1518350930115635,2.1680830972615674,-0.016248004250003945,1989,12.62
DC,15756,No_Exit,2.0392156862745097,2.1664438077045527,-0.12722812143004303,51,0.32
DC,15756,Railway,2.123943661971831,2.1670021427180055,-0.04305848074617469,355,2.25
DC,15756,Roundabout,2.0,2.1660530658880286,-0.1660530658880286,2,0.01
DC,15756,Station,2.191763191763192,2.164697242806596,0.027065948956595864,777,4.93
DC,15756,Stop,2.1463917525773195,2.16665575273394,-0.020264000156620554,485,3.08
DC,15756,Traffic_Calming,2.0,2.1661690910245825,-0.16616909102458255,13,0.08
DC,15756,Traffic_Signal,2.1660277910876857,2.1660335002590227,-5.7091713370205355e-06,4174,26.49
DC,15756,Turning_Loop,,2.166031987814166,,0,0.0
DE,12803,Amenity,2.054263565891473,2.2556414707274737,-0.2013779048360007,129,1.01
DE,12803,Bump,2.0,2.253771004298554,-0.2537710042985539,8,0.06
DE,12803,Crossing,2.146051712089448,2.2671473795286667,-0.12109566743921896,1431,11.18
DE,12803,Give_Way,2.036363636363636,2.2545497332914968,-0.21818609692786062,55,0.43
DE,12803,Junction,2.4087912087912087,2.2478943958535793,0.16089681293762936,455,3.55
DE,12803,No_Exit,2.475,2.2529185928073336,0.22208140719266645,40,0.31
DE,12803,Railway,2.697674418604651,2.2506094204608007,0.44706499814385037,86,0.67
DE,12803,Roundabout,,2.253612434585644,,0,0.0
DE,12803,Station,2.3684210526315788,2.253441802252816,0.11497925037876255,19,0.15
DE,12803,Stop,2.096774193548387,2.2583058482825193,-0.16153165473413233,372,2.91
DE,12803,Traffic_Calming,2.1,2.253732509966388,-0.153732509966388,10,0.08
DE,12803,Traffic_Signal,2.1736714136853075,2.2768037081821846,-0.10313229449687711,2879,22.49
DE,12803,Turning_Loop,,2.253612434585644,,0,0.0
FL,765625,Amenity,2.0233415233415233,2.1602449174233613,-0.13690339408183805,6512,0.85
FL,765625,Bump,2.0121457489878543,2.1591279080402104,-0.14698215905235612,247,0.03
FL,765625,Crossing,2.030045395785107,2.1948891224908644,-0.16484372670575764,166315,21.72
FL,765625,Give_Way,2.0932475884244375,2.1591876302524526,-0.06594004182801516,1244,0.16
FL,765625,Junction,2.3426593431742764,2.1502978776983834,0.19236146547589295,34956,4.57
FL,765625,No_Exit,2.0854049719326384,2.1593212698737174,-0.07391629794107901,2494,0.33
FL,765625,Railway,2.047632311977716,2.1596055299297277,-0.11197321795201187,3590,0.47
FL,765625,Roundabout,2.017857142857143,2.159090820030592,-0.14123367717344903,56,0.01
FL,765625,Station,2.0151281722086702,2.168438608912895,-0.15331043670422462,46734,6.1
FL,765625,Stop,2.014804315300417,2.1615138805141543,-0.14670956521373713,12699,1.66
FL,765625,Traffic_Calming,2.0153846153846153,2.159288180819338,-0.1439035654347225,1105,0.14
FL,765625,Traffic_Signal,2.067602882922535,2.1805271380823164,-0.11292425515978133,145408,18.99
FL,765625,Turning_Loop,,2.1590804897959184,,0,0.0
GA,156322,Amenity,2.134466769706337,2.5357828810020875,-0.4013161112957504,647,0.41
GA,156322,Bump,,2.5341218766392446,,0,0.0
GA,156322,Crossing,2.1710175812466703,2.557313678651395,-0.3862960974047245,9385,6.0
GA,156322,Give_Way,2.5197368421052633,2.534163961351417,-0.014427119246153808,456,0.29
GA,156322,Junction,2.5318838352796558,2.534325150377514,-0.0024413150978581655,13016,8.33
GA,156322,No_Exit,2.098360655737705,2.5342919858441966,-0.43593133010649154,61,0.04
GA,156322,Railway,2.473572938689218,2.5344905262073936,-0.060917587518175775,946,0.61
GA,156322,Roundabout,,2.5341218766392446,,0,0.0
GA,156322,Station,2.103448275862069,2.5350827702052907,-0.43163449434322176,348,0.22
GA,156322,Stop,2.580520732883317,2.533812023054384,0.04670870982893316,1037,0.66
GA,156322,Traffic_Calming,2.037313432835821,2.534548108689528,-0.49723467585370695,134,0.09
GA,156322,Traffic_Signal,2.1974971143915925,2.5737410714924103,-0.3762439571008178,16461,10.53
GA,156322,Turning_Loop,,2.5341218766392446,,0,0.0
IA,23991,Amenity,2.1009174311926606,2.444979482455406,-0.34406205126274525,109,0.45
IA,23991,Bump,2.0,2.443434764485202,-0.44343476448520214,1,0.0
IA,23991,Crossing,2.1896,2.457367749879073,-0.26776774987907315,1250,5.21
IA,23991,Give_Way,2.3823529411764706,2.4436770061534596,-0.06132406497698906,102,0.43
IA,23991,Junction,2.350109409190372,2.4490716180371352,-0.09896220884676321,1371,5.71
IA,23991,No_Exit,2.2083333333333335,2.4436516877373053,-0.23531835440397186,24,0.1
IA,23991,Railway,2.4464285714285716,2.443409233340297,0.0030193380882748144,56,0.23
IA,23991,Roundabout,,2.4434162811054145,,0,0.0
IA,23991,Station,2.0194174757281553,2.445244474212994,-0.4258269984848386,103,0.43
IA,23991,Stop,2.5159817351598175,2.442066828004925,0.07391490715489235,438,1.83
IA,23991,Traffic_Calming,2.0,2.443434764485202,-0.44343476448520214,1,0.0
IA,23991,Traffic_Signal,2.2029585798816567,2.4616384915474643,-0.2586799116658076,1690,7.04
IA,23991,Turning_Loop,,2.4434162811054145,,0,0.0
ID,9808,Amenity,2.0384615384615383,2.1256662566625666,-0.08720471820102826,52,0.53
ID,9808,Bump,,2.125203915171289,,0,0.0
ID,9808,Crossing,2.019843101061375,2.155084413034943,-0.13524131197356803,2167,22.09
ID,9808,Give_Way,2.0,2.125562372188139,-0.12556237218813893,28,0.29
ID,9808,Junction,2.21656050955414,2.1205954803470064,0.09596502920713368,471,4.8
ID,9808,No_Exit,2.0,2.1260262725779966,-0.1260262725779966,64,0.65
ID,9808,Railway,2.2790697674418605,2.12452636968766,0.15454339775420056,43,0.44
ID,9808,Roundabout,,2.125203915171289,,0,0.0
ID,9808,Station,2.0,2.127319854847071,-0.12731985484707087,163,1.66
ID,9808,Stop,2.1761363636363638,2.1242732558139537,0.051863107822410104,176,1.79
ID,9808,Traffic_Calming,,2.125203915171289,,0,0.0
ID,9808,Traffic_Signal,2.042988741044012,2.1342996263163854,-0.09131088527237319,977,9.96
ID,9808,Turning_Loop,,2.125203915171289,,0,0.0
IL,161417,Amenity,2.19110251450677,2.401720056411806,-0.210617541905036,2585,1.6
IL,161417,Bump,2.0,2.398352073846916,-0.3983520738469162,2,0.0
IL,161417,Crossing,2.2131714754867464,2.4479511126122233,-0.2347796371254769,34104,21.13
IL,161417,Give_Way,2.5,2.3983420998829064,0.10165790011709364,8,0.0
IL,161417,Junction,2.6644146415246546,2.380930693069307,0.2834839484553475,9917,6.14
IL,161417,No_Exit,2.2724814063556456,2.3995110605359575,-0.12702965418031198,1479,0.92
IL,161417,Railway,2.509318423855165,2.395703439658508,0.11361498419665716,3756,2.33
IL,161417,Roundabout,2.066666666666667,2.398377963098351,-0.33171129643168396,15,0.01
IL,161417,Station,2.3306560867040838,2.4029771714885197,-0.072321084784436,10334,6.4
IL,161417,Stop,2.1165993389643774,2.4081848548768683,-0.29158551591249093,5446,3.37
IL,161417,Traffic_Calming,2.024390243902439,2.3984421475312314,-0.37405190362879237,41,0.03
IL,161417,Traffic_Signal,2.193225145134405,2.496365267706731,-0.30314012257232603,52193,32.33
IL,161417,Turning_Loop,,2.398347138157691,,0,0.0
IN,61488,Amenity,2.1089385474860336,2.418894159986913,-0.30995561250087933,358,0.58
IN,61488,Bump,2.0,2.417157357103354,-0.417157357103354,10,0.02
IN,61488,Crossing,2.098667626935542,2.448707405156077,-0.3500397782205349,5554,9.03
IN,61488,Give_Way,2.1731266149870803,2.418634719562691,-0.2455081045756109,387,0.63
IN,61488,Junction,2.4869611495476316,2.4125411397886714,0.07442000975896024,3758,6.11
IN,61488,No_Exit,2.0588235294117645,2.4176848141269995,-0.35886128471523504,102,0.17
IN,61488,Railway,2.190311418685121,2.418160427457965,-0.22784900877284375,289,0.47
IN,61488,Roundabout,,2.4170895134009887,,0,0.0
IN,61488,Station,2.0345622119815667,2.4198086939430667,-0.3852464819615,434,0.71
IN,61488,Stop,2.229802513464991,2.418801595247083,-0.18899908178209213,557,0.91
IN,61488,Traffic_Calming,2.269230769230769,2.4171520614363344,-0.14792129220556527,26,0.04
IN,61488,Traffic_Signal,2.146748382703439,2.462308028171688,-0.315559645468249,8811,14.33
IN,61488,Turning_Loop,,2.4170895134009887,,0,0.0
KS,18283,Amenity,3.0,2.368133070693806,0.6318669293061938,7,0.04
KS,18283,Bump,,2.3683749931630476,,0,0.0
KS,18283,Crossing,2.650557620817844,2.3641612079493726,0.2863964128684713,269,1.47
KS,18283,Give_Way,2.3461538461538463,2.3684066385495974,-0.022252792395751175,26,0.14
KS,18283,Junction,2.3126491646778042,2.377259179402625,-0.06461001472482097,2514,13.75
KS,18283,No_Exit,2.6666666666666665,2.3683260393873087,0.29834062727935784,3,0.02
KS,18283,Railway,2.5185185185185186,2.367930221076307,0.1505882974422117,54,0.3
KS,18283,Roundabout,,2.3683749931630476,,0,0.0
KS,18283,Station,2.0,2.3684354485776806,-0.3684354485776806,3,0.02
KS,18283,Stop,2.58974358974359,2.3674265311727547,0.22231705857083517,78,0.43
KS,18283,Traffic_Calming,,2.3683749931630476,,0,0.0
KS,18283,Traffic_Signal,2.525089605734767,2.363441466854725,0.16164813888004215,558,3.05
KS,18283,Turning_Loop,,2.3683749931630476,,0,0.0
KY,31746,Amenity,2.060267857142857,2.463927407502077,-0.40365955035921974,448,1.41
KY,31746,Bump,1.9166666666666667,2.4584357471481693,-0.5417690804815025,12,0.04
KY,31746,Crossing,2.079088471849866,2.497566233224393,-0.4184777613745272,2984,9.4
KY,31746,Give_Way,2.12,2.458497525298698,-0.3384975252986977,25,0.08
KY,31746,Junction,2.454215775158658,2.4585308056872037,-0.004315030528545538,2206,6.95
KY,31746,No_Exit,2.090909090909091,2.458358279502127,-0.367449188593036,11,0.03
KY,31746,Railway,2.066666666666667,2.4589724168402447,-0.3923057501735778,60,0.19
KY,31746,Roundabout,2.0,2.4584620233217773,-0.4584620233217773,16,0.05
KY,31746,Station,2.0141342756183747,2.474652119945123,-0.46051784432674836,1132,3.57
KY,31746,Stop,2.3092485549132946,2.4598726114649683,-0.15062405655167366,346,1.09
KY,31746,Traffic_Calming,1.9166666666666667,2.4584357471481693,-0.5417690804815025,12,0.04
KY,31746,Traffic_Signal,2.0992783304076457,2.527367669709606,-0.42808933930196025,5127,16.15
KY,31746,Turning_Loop,,2.458230958230958,,0,0.0
LA,135797,Amenity,2.0308471454880292,2.1396594948550045,-0.10881234936697526,2172,1.6
LA,135797,Bump,1.9583333333333333,2.1379508444241493,-0.17961751109081603,24,0.02
LA,135797,Crossing,1.988443429875874,2.1460539801844893,-0.15761055030861537,7009,5.16
LA,135797,Give_Way,2.0193548387096776,2.1380545848630956,-0.11869974615341805,155,0.11
LA,135797,Junction,2.316060045239564,2.1313027937739624,0.1847572514656015,4863,3.58
LA,135797,No_Exit,2.7152317880794703,2.137276440145673,0.5779553479337971,151,0.11
LA,135797,Railway,2.0190559953092935,2.14098167479945,-0.12192567949015665,3411,2.51
LA,135797,Roundabout,,2.1379190998328386,,0,0.0
LA,135797,Station,1.9649038461538462,2.140610393592438,-0.1757065474385917,2080,1.53
LA,135797,Stop,1.9977924944812362,2.1388602649546673,-0.1410677704734311,906,0.67
LA,135797,Traffic_Calming,1.9722222222222223,2.1379630379858723,-0.16574081576364996,36,0.03
LA,135797,Traffic_Signal,2.0199983369366374,2.1633003713812697,-0.1433020344446323,24052,17.71
LA,135797,Turning_Loop,,2.1379190998328386,,0,0.0
MA,61521,Amenity,2.049282110981762,2.305646036916395,-0.2563639259346333,2577,4.19
MA,61521,Bump,1.96,2.2950435800702484,-0.3350435800702485,25,0.04
MA,61521,Crossing,2.0532019704433497,2.337055701905089,-0.2838537314617393,9135,14.85
MA,61521,Give_Way,2.037037037037037,2.2963871178682362,-0.25935008083119904,351,0.57
MA,61521,Junction,2.4610552763819094,2.2757238953456747,0.1853313810362347,6368,10.35
MA,61521,No_Exit,2.125,2.2950400989052104,-0.17004009890521044,48,0.08
MA,61521,Railway,2.144904458598726,2.29645443647053,-0.15154997787180413,628,1.02
MA,61521,Roundabout,,2.2949074299832577,,0,0.0
MA,61521,Station,2.016069221260816,2.3187922423985743,-0.3027230211377585,4854,7.89
MA,61521,Stop,1.9674141555711282,2.310839142959415,-0.34342498738828686,2854,4.64
MA,61521,Traffic_Calming,1.9696969696969697,2.2950819672131146,-0.3253849975161449,33,0.05
MA,61521,Traffic_Signal,2.076633804248399,2.3364614372508803,-0.25982763300248113,9839,15.99
MA,61521,Turning_Loop,,2.2949074299832577,,0,0.0
MD,123791,Amenity,2.1471861471861473,2.361993049394874,-0.21480690220872667,924,0.75
MD,123791,Bump,2.1818181818181817,2.360437305063107,-0.17861912324492524,33,0.03
MD,123791,Crossing,2.1913117134559537,2.3724843543067853,-0.18117264085083162,8264,6.68
MD,123791,Give_Way,2.279874213836478,2.3605970536068615,-0.08072283977038364,318,0.26
MD,123791,Junction,2.4188185820356134,2.352199462108094,0.06661911992751923,15219,12.29
MD,123791,No_Exit,2.130434782608696,2.3606891531181753,-0.2302543705094795,161,0.13
MD,123791,Railway,2.4078947368421053,2.360184651830698,0.047710085011407166,532,0.43
MD,123791,Roundabout,2.5,2.360385177765032,0.13961482223496802,4,0.0
MD,123791,Station,2.1610169491525424,2.364067166327983,-0.20305021717544047,2242,1.81
MD,123791,Stop,2.3720588235294118,2.3602600648528558,0.011798758676555998,1360,1.1
MD,123791,Traffic_Calming,2.2294685990338166,2.3608290037851463,-0.1313604047513297,414,0.33
MD,123791,Traffic_Signal,2.256937377026935,2.3743718592964824,-0.11743448226954722,14739,11.91
MD,123791,Turning_Loop,,2.3603896890727114,,0,0.0
ME,2693,Amenity,2.0,2.2045370026031983,-0.2045370026031983,4,0.15
ME,2693,Bump,,2.2042331971778686,,0,0.0
ME,2693,Crossing,2.3636363636363638,2.202920254586297,0.1607161090500666,22,0.82
ME,2693,Give_Way,2.1944444444444446,2.204365826119684,-0.00992138167523926,36,1.34
ME,2693,Junction,2.2200956937799043,2.2028985507246377,0.01719714305526665,209,7.76
ME,2693,No_Exit,,2.2042331971778686,,0,0.0
ME,2693,Railway,2.0,2.2043849869936825,-0.20438498699368246,2,0.07
ME,2693,Roundabout,,2.2042331971778686,,0,0.0
ME,2693,Station,2.0,2.2043849869936825,-0.20438498699368246,2,0.07
ME,2693,Stop,2.5714285714285716,2.203276247207744,0.3681523242208278,7,0.26
ME,2693,Traffic_Calming,,2.2042331971778686,,0,0.0
ME,2693,Traffic_Signal,2.25,2.203682826005261,0.04631717399473878,32,1.19
ME,2693,Turning_Loop,,2.2042331971778686,,0,0.0
MI,150725,Amenity,2.0650710545998505,2.358295177658179,-0.29322412305832835,1337,0.89
MI,150725,Bump,4.0,2.35568323558292,1.6443167644170802,1,0.0
MI,150725,Crossing,2.1063064385874752,2.38047029991831,-0.2741638613308348,13621,9.04
MI,150725,Give_Way,2.411764705882353,2.3556814939180177,0.05608321196433508,34,0.02
MI,150725,Junction,2.417069597069597,2.349582345431333,0.06748725163826386,13650,9.06
MI,150725,No_Exit,2.1353383458646618,2.3560837171588274,-0.2207453712941656,266,0.18
MI,150725,Railway,2.1128318584070795,2.3564246404876457,-0.24359278208056612,452,0.3
MI,150725,Roundabout,2.0,2.355720105630532,-0.35572010563053214,11,0.01
MI,150725,Station,2.0212553968781135,2.36961224024381,-0.3483568433656963,6022,4.0
MI,150725,Stop,2.1844783715012723,2.356591680616784,-0.17211330911551181,786,0.52
MI,150725,Traffic_Calming,2.066666666666667,2.3557229115519873,-0.28905624488532045,15,0.01
MI,150725,Traffic_Signal,2.1143455985095483,2.39578352868361,-0.2814379301740617,21470,14.24
MI,150725,Turning_Loop,,2.3556941449659976,,0,0.0
MN,171888,Amenity,2.029520295202952,2.180454150812565,-0.15093385560961314,271,0.16
MN,171888,Bump,,2.1802161872847434,,0,0.0
MN,171888,Crossing,2.153787878787879,2.181492730288837,-0.02770485150095814,7920,4.61
MN,171888,Give_Way,2.020227560050569,2.1809558320718656,-0.1607282720212968,791,0.46
MN,171888,Junction,2.2243593246270694,2.1749562137420484,0.04940311088502103,18301,10.65
MN,171888,No_Exit,2.0510204081632653,2.1802898888177427,-0.1292694806544774,98,0.06
MN,171888,Railway,2.0539956803455723,2.180557094939478,-0.12656141459390557,463,0.27
MN,171888,Roundabout,,2.1802161872847434,,0,0.0
MN,171888,Station,2.159838138593829,2.1804532961373897,-0.02061515754356069,1977,1.15
MN,171888,Stop,2.0286635614475097,2.182717611784952,-0.15405405033744213,2791,1.62
MN,171888,Traffic_Calming,2.0,2.1802172357420866,-0.1802172357420866,1,0.0
MN,171888,Traffic_Signal,2.1164850136239783,2.1836583272013734,-0.06717331357739509,8808,5.12
MN,171888,Turning_Loop,,2.1802161872847434,,0,0.0
MO,69407,Amenity,2.2245762711864407,2.4386375793323793,-0.2140613081459386,236,0.34
MO,69407,Bump,2.0,2.437916030314382,-0.4379160303143821,1,0.0
MO,69407,Crossing,2.320636725412166,2.44095908230842,-0.12032235689625415,1759,2.53
MO,69407,Give_Way,2.2460815047021945,2.4396893949308556,-0.1936078902286611,638,0.92
MO,69407,Junction,2.392983839180134,2.445603199513998,-0.05261936033386405,10148,14.62
MO,69407,No_Exit,2.526627218934911,2.4376931742684653,0.08893404466644572,169,0.24
MO,69407,Railway,2.2217391304347824,2.4386284458707372,-0.2168893154359548,230,0.33
MO,69407,Roundabout,,2.437909720921521,,0,0.0
MO,69407,Station,2.1123737373737375,2.441667273919697,-0.3292935365459595,792,1.14
MO,69407,Stop,2.5185185185185186,2.4373413038116105,0.08117721470690809,486,0.7
MO,69407,Traffic_Calming,2.888888888888889,2.437851234905905,0.4510376539829837,9,0.01
MO,69407,Traffic_Signal,2.363327674023769,2.4455886092041697,-0.08226093518040045,6479,9.33
MO,69407,Turning_Loop,,2.437909720921521,,0,0.0
MS,13766,Amenity,2.0454545454545454,2.3635040745052387,-0.3180495290506933,22,0.16
MS,13766,Bump,,2.3629957867209064,,0,0.0
MS,13766,Crossing,2.0277777777777777,2.3719976130091003,-0.3442198352313226,360,2.62
MS,13766,Give_Way,2.065040650406504,2.3712025080241843,-0.30616185761768033,369,2.68
MS,13766,Junction,2.2902127659574467,2.369787943769359,-0.07957517781191248,1175,8.54
MS,13766,No_Exit,,2.3629957867209064,,0,0.0
MS,13766,Railway,2.0,2.363154069767442,-0.3631540697674418,6,0.04
MS,13766,Roundabout,,2.3629957867209064,,0,0.0
MS,13766,Station,2.0,2.3648244141052785,-0.36482441410527855,69,0.5
MS,13766,Stop,2.088397790055249,2.3666543982333454,-0.2782566081780966,181,1.31
MS,13766,Traffic_Calming,,2.3629957867209064,,0,0.0
MS,13766,Traffic_Signal,2.0795241077019413,2.400197222450489,-0.32067311474854776,1597,11.6
MS,13766,Turning_Loop,,2.3629957867209064,,0,0.0
MT,21904,Amenity,2.026315789473684,2.039444749862562,-0.013128960388877786,76,0.35
MT,21904,Bump,,2.039399196493791,,0,0.0
MT,21904,Crossing,2.0264900662251657,2.0395796685492082,-0.013089602324042549,302,1.38
MT,21904,Give_Way,2.0,2.0394009952974477,-0.03940099529744767,1,0.0
MT,21904,Junction,2.092378752886836,2.0372183667649018,0.0551603861219343,866,3.95
MT,21904,No_Exit,2.0,2.039404593397562,-0.03940459339756197,3,0.01
MT,21904,Railway,2.0,2.0395907881457016,-0.039590788145701605,106,0.48
MT,21904,Roundabout,,2.039399196493791,,0,0.0
MT,21904,Station,2.0,2.0394496251599925,-0.03944962515999251,28,0.13
MT,21904,Stop,2.0,2.0394748879334004,-0.03947488793340037,42,0.19
MT,21904,Traffic_Calming,2.0,2.039402794265364,-0.03940279426536408,2,0.01
MT,21904,Traffic_Signal,2.05,2.0392619311875695,0.010738068812430335,280,1.28
MT,21904,Turning_Loop,,2.039399196493791,,0,0.0
NC,309871,Amenity,2.002177068214804,2.137879937836568,-0.1357028696217637,5512,1.78
NC,309871,Bump,1.9883720930232558,2.135547741516763,-0.14717564849350717,172,0.06
NC,309871,Crossing,1.9966326659464313,2.176937778187579,-0.18030511224114765,71273,23.0
NC,309871,Give_Way,2.01250411319513,2.136683918235386,-0.12417980504025605,3039,0.98
NC,309871,Junction,2.3031409788166544,2.127715822419399,0.1754251563972553,13690,4.42
NC,309871,No_Exit,1.9971890372452565,2.1361039786284883,-0.1389149413832318,1423,0.46
NC,309871,Railway,2.009242144177449,2.137254003528145,-0.1280118593506958,4328,1.4
NC,309871,Roundabout,2.0,2.1354708578067516,-0.1354708578067516,11,0.0
NC,309871,Station,1.9953129882303926,2.1399473806907117,-0.14463439246031906,9601,3.1
NC,309871,Stop,2.033056556478145,2.1376199388443693,-0.1045633823662242,6383,2.06
NC,309871,Traffic_Calming,2.003861003861004,2.1355761404596723,-0.13171513659866818,259,0.08
NC,309871,Traffic_Signal,2.007235551195148,2.1877052344725785,-0.18046968327743063,89696,28.95
NC,309871,Turning_Loop,,2.1354660487751356,,0,0.0
ND,2720,Amenity,,2.0150735294117648,,0,0.0
ND,2720,Bump,,2.0150735294117648,,0,0.0
ND,2720,Crossing,2.0714285714285716,2.014487369985141,0.05694120144343051,28,1.03
ND,2720,Give_Way,2.0,2.0150901729849098,-0.015090172984909778,3,0.11
ND,2720,Junction,2.030456852791878,2.013872374157749,0.01658447863412915,197,7.24
ND,2720,No_Exit,,2.0150735294117648,,0,0.0
ND,2720,Railway,2.0,2.0150957290132547,-0.015095729013254733,4,0.15
ND,2720,Roundabout,,2.0150735294117648,,0,0.0
ND,2720,Station,,2.0150735294117648,,0,0.0
ND,2720,Stop,2.0,2.0152416356877323,-0.015241635687732291,30,1.1
ND,2720,Traffic_Calming,,2.0150735294117648,,0,0.0
ND,2720,Traffic_Signal,2.0,2.015235971757711,-0.015235971757710853,29,1.07
ND,2720,Turning_Loop,,2.0150735294117648,,0,0.0
NE,28307,Amenity,2.020533880903491,2.183393242271747,-0.16285936136825585,487,1.72
NE,28307,Bump,2.0,2.1806679625375507,-0.18066796253755069,12,0.04
NE,28307,Crossing,2.018432601880878,2.244196340743655,-0.22576373886277734,7975,28.17
NE,28307,Give_Way,2.030456852791878,2.181643543223052,-0.15118669043117405,197,0.7
NE,28307,Junction,2.3416856492027334,2.1780536816420266,0.16363196756070675,439,1.55
NE,28307,No_Exit,2.0080645161290325,2.18135045949686,-0.17328594336782732,124,0.44
NE,28307,Railway,2.207792207792208,2.1805171803046406,0.02727502748756727,77,0.27
NE,28307,Roundabout,,2.180591373158583,,0,0.0
NE,28307,Station,2.009641873278237,2.18509118596135,-0.17544931268311315,726,2.56
NE,28307,Stop,2.0436312456016887,2.187830097448486,-0.14419885184679737,1421,5.02
NE,28307,Traffic_Calming,2.0,2.1806679625375507,-0.18066796253755069,12,0.04
NE,28307,Traffic_Signal,2.0252330289049993,2.2738889517132197,-0.24865592280822035,10621,37.52
NE,28307,Turning_Loop,,2.180591373158583,,0,0.0
NH,10169,Amenity,2.072463768115942,2.2441584158415844,-0.17169464772564247,69,0.68
NH,10169,Bump,,2.2429934113482153,,0,0.0
NH,10169,Crossing,2.2071269487750556,2.244650205761317,-0.037523256986261355,449,4.42
NH,10169,Give_Way,2.081081081081081,2.2435846821950256,-0.16250360111394446,37,0.36
NH,10169,Junction,2.3415233415233416,2.2388854742880557,0.1026378672352859,407,4.0
NH,10169,No_Exit,2.32,2.2428036277602525,0.07719637223974729,25,0.25
NH,10169,Railway,2.0,2.243616287094548,-0.24361628709454797,26,0.26
NH,10169,Roundabout,,2.2429934113482153,,0,0.0
NH,10169,Station,1.988888888888889,2.2452624268280585,-0.2563735379391696,90,0.89
NH,10169,Stop,2.045372050816697,2.254314826367228,-0.20894277555053087,551,5.42
NH,10169,Traffic_Calming,2.2857142857142856,2.2429639834678214,0.042750302246464145,7,0.07
NH,10169,Traffic_Signal,2.1598414795244385,2.249681257968551,-0.08983977844411228,757,7.44
NH,10169,Turning_Loop,,2.2429934113482153,,0,0.0
NJ,124088,Amenity,2.195435092724679,2.2581795488989926,-0.06274445617431379,701,0.56
NJ,124088,Bump,2.0,2.257833403178492,-0.2578334031784921,4,0.0
NJ,124088,Crossing,2.194753577106518,2.2604908614433543,-0.06573728433683623,5032,4.06
NJ,124088,Give_Way,2.1676470588235293,2.2583219888499935,-0.0906749300264642,680,0.55
NJ,124088,Junction,2.2609905397885366,2.257468007066694,0.003522532721842442,12579,10.14
NJ,124088,No_Exit,2.121739130434783,2.2580777987695586,-0.13633866833477581,230,0.19
NJ,124088,Railway,2.1402640264026402,2.258402034304595,-0.11813800790195472,606,0.49
NJ,124088,Roundabout,,2.2578250918702856,,0,0.0
NJ,124088,Station,2.273201251303441,2.257705333430792,0.015495917872649034,959,0.77
NJ,124088,Stop,2.1322314049586777,2.258812540610786,-0.1265811356521085,968,0.78
NJ,124088,Traffic_Calming,2.2822085889570554,2.257793019971757,0.024415568985298286,163,0.13
NJ,124088,Traffic_Signal,2.253527222366485,2.258266317145777,-0.004739094779292241,11553,9.31
NJ,124088,Turning_Loop,,2.2578250918702856,,0,0.0
NM,9859,Amenity,2.063063063063063,2.386643414033648,-0.32358035097058524,111,1.13
NM,9859,Bump,2.0,2.383389176566149,-0.383389176566149,10,0.1
NM,9859,Crossing,2.0514834205933683,2.4266039251692875,-0.37512050457591917,1146,11.62
NM,9859,Give_Way,2.5,2.3829290571399575,0.11707094286004249,6,0.06
NM,9859,Junction,2.529790660225443,2.3731327127083786,0.1566579475170644,621,6.3
NM,9859,No_Exit,2.0,2.383039156015419,-0.38303915601541894,1,0.01
NM,9859,Railway,1.8571428571428572,2.3837480954799393,-0.5266052383370821,14,0.14
NM,9859,Roundabout,2.0,2.383039156015419,-0.38303915601541894,1,0.01
NM,9859,Station,1.9444444444444444,2.3862266271584756,-0.44178218271403114,72,0.73
NM,9859,Stop,2.1363636363636362,2.3857831572468973,-0.24941952088326103,110,1.12
NM,9859,Traffic_Calming,1.9473684210526316,2.383841463414634,-0.43647304236200246,19,0.19
NM,9859,Traffic_Signal,2.026715988491574,2.499730676003232,-0.47301468751165787,2433,24.68
NM,9859,Turning_Loop,,2.383000304290496,,0,0.0
NV,19741,Amenity,2.064516129032258,2.2479800802886327,-0.1834639512563747,62,0.31
NV,19741,Bump,,2.2474038802492275,,0,0.0
NV,19741,Crossing,2.179111111111111,2.256188897147104,-0.0770777860359928,2250,11.4
NV,19741,Give_Way,2.183673469387755,2.2477218347502927,-0.06404836536253766,98,0.5
NV,19741,Junction,2.208926875593542,2.249571917808219,-0.04064504221467713,1053,5.33
NV,19741,No_Exit,2.125,2.2476026180932567,-0.12260261809325668,32,0.16
NV,19741,Railway,2.142857142857143,2.247478075733766,-0.10462093287662322,14,0.07
NV,19741,Roundabout,,2.2474038802492275,,0,0.0
NV,19741,Station,2.0618556701030926,2.248320097739768,-0.18646442763667537,97,0.49
NV,19741,Stop,2.0761245674740483,2.2525700568804465,-0.17644548940639826,578,2.93
NV,19741,Traffic_Calming,,2.2474038802492275,,0,0.0
NV,19741,Traffic_Signal,2.1582608695652175,2.2662819961942176,-0.1080211266290001,3450,17.48
NV,19741,Turning_Loop,,2.2474038802492275,,0,0.0
NY,310351,Amenity,2.2246540070807854,2.2882204431452013,-0.06356643606441592,9321,3.0
NY,310351,Bump,2.423312883435583,2.286239312932802,0.13707357050278102,163,0.05
NY,310351,Crossing,2.2408720777515105,2.2933989883564143,-0.052526910604903776,41877,13.49
NY,310351,Give_Way,2.188112551375277,2.2873224214487546,-0.09920987007347781,3163,1.02
NY,310351,Junction,2.295704057279236,2.285012158846248,0.010691898432988012,37710,12.15
NY,310351,No_Exit,2.241657077100115,2.286436690986875,-0.04477961388675977,869,0.28
NY,310351,Railway,2.2984873949579834,2.286193456873666,0.012293938084317446,2975,0.96
NY,310351,Roundabout,2.0,2.286314073233918,-0.286314073233918,3,0.0
NY,310351,Station,2.208942512420156,2.288108378996789,-0.07916586657663283,7045,2.27
NY,310351,Stop,2.2065439672801634,2.2890409954612405,-0.08249702818107707,10269,3.31
NY,310351,Traffic_Calming,2.5806451612903225,2.2856926057474976,0.29495255554282496,651,0.21
NY,310351,Traffic_Signal,2.2218907169039297,2.29778648354193,-0.07589576663800024,46924,15.12
NY,310351,Turning_Loop,,2.2863113055862554,,0,0.0
OH,110765,Amenity,2.015241882041087,2.3786245149007836,-0.36338263285969674,1509,1.36
OH,110765,Bump,2.0,2.373727979485142,-0.373727979485142,16,0.01
OH,110765,Crossing,2.0465808911126997,2.4004942806068126,-0.3539133894941129,8394,7.58
OH,110765,Give_Way,2.112676056338028,2.37384140061792,-0.2611653442798918,71,0.06
OH,110765,Junction,2.5323664122137406,2.3637000431799646,0.16866636903377596,6550,5.91
OH,110765,No_Exit,2.520408163265306,2.373544055590194,0.14686410767511182,98,0.09
OH,110765,Railway,2.288808664259928,2.3738867569328796,-0.08507809267295174,277,0.25
OH,110765,Roundabout,2.0,2.3736976110077825,-0.37369761100778254,7,0.01
OH,110765,Station,2.046866485013624,2.3791792894519417,-0.3323128044383177,1835,1.66
OH,110765,Stop,2.249498997995992,2.374802991791704,-0.1253039937957121,998,0.9
OH,110765,Traffic_Calming,2.257142857142857,2.373710828140522,-0.1165679709976648,35,0.03
OH,110765,Traffic_Signal,2.057772483621203,2.4368878391262894,-0.37911535550508635,18469,16.67
OH,110765,Turning_Loop,,2.373673994492845,,0,0.0
OK,81506,Amenity,1.9990128331688055,2.0802181556160164,-0.0812053224472109,1013,1.24
OK,81506,Bump,1.9747899159663866,2.079361568800914,-0.1045716528345273,119,0.15
OK,81506,Crossing,2.0066444038971323,2.1193884748088982,-0.11274407091176597,29047,35.64
OK,81506,Give_Way,2.0958268933539412,2.0790759222844706,0.016750971069470655,647,0.79
OK,81506,Junction,2.309045226130653,2.0746302274945565,0.2344149986360966,1592,1.95
OK,81506,No_Exit,1.986764705882353,2.0799866379630316,-0.09322193208067864,680,0.83
OK,81506,Railway,2.0129564193168434,2.0799062697595994,-0.06694985044275592,849,1.04
OK,81506,Roundabout,,2.079208892596864,,0,0.0
OK,81506,Station,1.9920909540286702,2.0814262169268902,-0.08933526289822002,2023,2.48
OK,81506,Stop,1.9989384288747345,2.092134127232842,-0.0931956983581077,11304,13.87
OK,81506,Traffic_Calming,1.9777777777777779,2.0794333915353023,-0.10165561375752441,180,0.22
OK,81506,Traffic_Signal,2.025645421195186,2.109058254838648,-0.08341283364346186,29167,35.79
OK,81506,Turning_Loop,,2.079208892596864,,0,0.0
OR,162808,Amenity,2.0480806514152774,2.118018585898932,-0.06993793448365482,2579,1.58
OR,162808,Bump,2.0653266331658293,2.1169738452361186,-0.05164721207028933,199,0.12
OR,162808,Crossing,2.060725919032108,2.1217431327294314,-0.06101721369732349,12894,7.92
OR,162808,Give_Way,2.0913705583756346,2.116941658313398,-0.02557109993776363,197,0.12
OR,162808,Junction,2.1585290098148837,2.1147461536970384,0.04378285611784527,8049,4.94
OR,162808,No_Exit,2.123222748815166,2.1169025258768612,0.006320222938304809,211,0.13
OR,162808,Railway,2.1337702390131073,2.1166377470133697,0.017132491999737542,2594,1.59
OR,162808,Roundabout,2.0,2.116911435012008,-0.11691143501200818,1,0.0
OR,162808,Station,2.084682713347921,2.1178414792906888,-0.033158765942767676,4570,2.81
OR,162808,Stop,2.0759685230024214,2.11775880228709,-0.0417902792846685,3304,2.03
OR,162808,Traffic_Calming,2.0434782608695654,2.117014602221703,-0.07353634135213749,230,0.14
OR,162808,Traffic_Signal,2.047438912176669,2.121351134113588,-0.07391222193691904,9781,6.01
OR,162808,Turning_Loop,,2.1169107169180874,,0,0.0
PA,261208,Amenity,2.091198979591837,2.2190258241586878,-0.1278268445668509,4704,1.8
PA,261208,Bump,2.259259259259259,2.2167194397754812,0.04253981948377783,27,0.01
PA,261208,Crossing,2.140169052372255,2.2243073233332633,-0.08413827096100812,23543,9.01
PA,261208,Give_Way,2.205620946432861,2.2169036550020422,-0.011282708569181121,4163,1.59
PA,261208,Junction,2.3773209077328024,2.207589692131531,0.16973121560127158,14057,5.38
PA,261208,No_Exit,2.301810865191147,2.2165616333794893,0.08524923181165756,497,0.19
PA,261208,Railway,2.1499503475670307,2.2172426830867997,-0.06729233551976899,2014,0.77
PA,261208,Roundabout,,2.216723836942207,,0,0.0
PA,261208,Station,2.122827804107425,2.217642920100821,-0.09481511599339587,2532,0.97
PA,261208,Stop,2.183139972879313,2.2185218646897966,-0.03538189181048379,13274,5.08
PA,261208,Traffic_Calming,2.320261437908497,2.216663155273793,0.10359828263470394,153,0.06
PA,261208,Traffic_Signal,2.12312169626418,2.2391633483153535,-0.11604165205117356,50511,19.34
PA,261208,Turning_Loop,,2.216723836942207,,0,0.0
RI,16620,Amenity,1.9069767441860466,2.469385292875671,-0.5624085486896246,43,0.26
RI,16620,Bump,,2.467930204572804,,0,0.0
RI,16620,Crossing,2.4683760683760685,2.467913938260056,0.0004621301160123714,585,3.52
RI,16620,Give_Way,2.8072289156626504,2.451962451962452,0.35526646370019854,747,4.49
RI,16620,Junction,2.518222222222222,2.4600556715379263,0.05816655068429588,2250,13.54
RI,16620,No_Exit,2.0,2.467958360912209,-0.4679583609122089,1,0.01
RI,16620,Railway,2.4035714285714285,2.469033047735618,-0.06546161916418969,280,1.68
RI,16620,Roundabout,,2.467930204572804,,0,0.0
RI,16620,Station,2.0,2.468071020162504,-0.4680710201625038,5,0.03
RI,16620,Stop,2.0,2.46888942481611,-0.4688894248161102,34,0.2
RI,16620,Traffic_Calming,2.0,2.467958360912209,-0.4679583609122089,1,0.01
RI,16620,Traffic_Signal,2.2053462940461723,2.4816104323605748,-0.27626413831440244,823,4.95
RI,16620,Turning_Loop,,2.467930204572804,,0,0.0
SC,351032,Amenity,1.983177570093458,2.1199907276770253,-0.13681315758356738,1605,0.46
SC,351032,Bump,2.2857142857142856,2.1193585514133177,0.16635573430096784,14,0.0
SC,351032,Crossing,1.991970376145001,2.1294098845339406,-0.1374395083889397,25655,7.31
SC,351032,Give_Way,1.986376021798365,2.1195043702679195,-0.13312834846955446,367,0.1
SC,351032,Junction,2.4592457973648343,2.1083649239619207,0.35088087340291363,11005,3.14
SC,351032,No_Exit,1.9695989650711514,2.120027697819083,-0.15042873274793145,1546,0.44
SC,351032,Railway,1.9886722866174922,2.120793926896981,-0.1321216402794887,3796,1.08
SC,351032,Roundabout,2.0,2.119366206210883,-0.1193662062108829,3,0.0
SC,351032,Station,1.971506105834464,2.119988671407892,-0.1484825655734281,1474,0.42
SC,351032,Stop,1.984974958263773,2.1246070787973506,-0.13963212053357754,13178,3.75
SC,351032,Traffic_Calming,2.2666666666666666,2.1193588914497017,0.14730777521696492,15,0.0
SC,351032,Traffic_Signal,1.99104892117069,2.139108940181841,-0.14806001901115096,46810,13.33
SC,351032,Turning_Loop,,2.1193651860799014,,0,0.0
SD,262,Amenity,2.0,2.421455938697318,-0.421455938697318,1,0.38
SD,262,Bump,,2.4198473282442747,,0,0.0
SD,262,Crossing,2.111111111111111,2.442622950819672,-0.3315118397085608,18,6.87
SD,262,Give_Way,,2.4198473282442747,,0,0.0
SD,262,Junction,2.6666666666666665,2.4140625,0.2526041666666665,6,2.29
SD,262,No_Exit,,2.4198473282442747,,0,0.0
SD,262,Railway,2.0,2.4247104247104247,-0.42471042471042475,3,1.15
SD,262,Roundabout,,2.4198473282442747,,0,0.0
SD,262,Station,,2.4198473282442747,,0,0.0
SD,262,Stop,2.0,2.423076923076923,-0.4230769230769229,2,0.76
SD,262,Traffic_Calming,,2.4198473282442747,,0,0.0
SD,262,Traffic_Signal,2.4,2.4234234234234235,-0.023423423423423628,40,15.27
SD,262,Turning_Loop,,2.4198473282442747,,0,0.0
TN,151898,Amenity,1.9953802416488984,2.2178100936384855,-0.2224298519895871,2814,1.85
TN,151898,Bump,2.0,2.213696483708927,-0.2136964837089268,5,0.0
TN,151898,Crossing,1.983122774498805,2.249663234320418,-0.26654045982161323,20501,13.5
TN,151898,Give_Way,2.0093457943925235,2.2139777432029746,-0.2046319488104511,214,0.14
TN,151898,Junction,2.3040881474616413,2.207515454999402,0.0965726924622392,9711,6.39
TN,151898,No_Exit,2.098360655737705,2.2137357824509176,-0.1153751267132126,61,0.04
TN,151898,Railway,2.0187207488299532,2.2145156918357496,-0.19579494300579636,641,0.42
TN,151898,Roundabout,2.0,2.213692263127403,-0.21369226312740297,2,0.0
TN,151898,Station,1.981753674607197,2.2167417041854263,-0.23498802957822917,1973,1.3
TN,151898,Stop,2.0056603773584905,2.215151354433233,-0.20949097707474262,1060,0.7
TN,151898,Traffic_Calming,2.2900763358778624,2.213623514993378,0.07645282088448457,131,0.09
TN,151898,Traffic_Signal,1.9884196185286103,2.2489379196930246,-0.2605183011644143,20552,13.53
TN,151898,Turning_Loop,,2.213689449499006,,0,0.0
TX,544807,Amenity,2.01733934169279,2.2418354692021496,-0.22449612750935977,10208,1.87
TX,544807,Bump,2.0172413793103448,2.2377229949960977,-0.22048161568575297,232,0.04
TX,544807,Crossing,2.0573656204649575,2.2643297135427094,-0.20696409307775188,70286,12.9
TX,544807,Give_Way,2.318878332822556,2.2366440576576174,0.08223427516493853,6526,1.2
TX,544807,Junction,2.4513950948267302,2.225078411330097,0.22631668349663325,30213,5.55
TX,544807,No_Exit,2.052156469408225,2.2379691436347255,-0.18581267422650072,997,0.18
TX,544807,Railway,2.0549723229623975,2.239402633217685,-0.18443031025528756,5239,0.96
TX,544807,Roundabout,2.0,2.2376330309582633,-0.23763303095826327,9,0.0
TX,544807,Station,2.0031733171291606,2.2441810881591557,-0.24100777102999515,14811,2.72
TX,544807,Stop,2.030959280158609,2.245370723012705,-0.2144114428540962,19671,3.61
TX,544807,Traffic_Calming,2.035523978685613,2.2378381755242134,-0.2023141968386004,563,0.1
TX,544807,Traffic_Signal,2.1166314427134605,2.2816196382894587,-0.1649881955759982,145261,26.66
TX,544807,Turning_Loop,,2.2376291053529047,,0,0.0
UT,89447,Amenity,2.080082135523614,2.196841276978417,-0.11675914145480304,487,0.54
UT,89447,Bump,2.0,2.1962077678152183,-0.19620776781521831,1,0.0
UT,89447,Crossing,2.1419077803905533,2.2028719905605905,-0.06096421017003717,9781,10.93
UT,89447,Give_Way,2.289473684210526,2.1961659340782247,0.09330775013230141,38,0.04
UT,89447,Junction,2.25,2.1936424647747104,0.056357535225289634,4068,4.55
UT,89447,No_Exit,2.1476510067114094,2.1962865909650833,-0.04863558425367387,149,0.17
UT,89447,Railway,2.310077519379845,2.19554486062228,0.11453265875756502,516,0.58
UT,89447,Roundabout,,2.1962055742506736,,0,0.0
UT,89447,Station,2.093285263632267,2.198823772183244,-0.10553850855097702,2219,2.48
UT,89447,Stop,2.1235087719298247,2.1973824725636772,-0.07387370063385257,1425,1.59
UT,89447,Traffic_Calming,2.0,2.196209961428811,-0.19620996142881086,2,0.0
UT,89447,Traffic_Signal,2.1717361462322087,2.200685130809724,-0.02894898457751527,13841,15.47
UT,89447,Turning_Loop,,2.1962055742506736,,0,0.0
VA,261645,Amenity,2.09844020797227,2.3039070953779563,-0.2054668874056862,2885,1.1
VA,261645,Bump,1.9696969696969697,2.301683409017935,-0.33198643932096505,33,0.01
VA,261645,Crossing,2.0650057995864644,2.321045753796275,-0.2560399542098106,19829,7.58
VA,261645,Give_Way,2.2178952248493276,2.3023376803551607,-0.08444245550583318,2157,0.82
VA,261645,Junction,2.3728353509581455,2.2962495477419993,0.07658580321614616,18421,7.04
VA,261645,No_Exit,2.163682864450128,2.30205510172006,-0.13837223726993209,782,0.3
VA,261645,Railway,2.3043968432919955,2.301632164689099,0.002764678602896531,887,0.34
VA,261645,Roundabout,2.0,2.301653066294647,-0.30165306629464705,10,0.0
VA,261645,Station,2.0502857142857143,2.3041888657246545,-0.25390315143894027,2625,1.0
VA,261645,Stop,2.1648635936030103,2.30390103848978,-0.13903744488676972,4252,1.63
VA,261645,Traffic_Calming,2.0340136054421767,2.3017919831126816,-0.26777837767050494,147,0.06
VA,261645,Traffic_Signal,2.0697688418011078,2.3353675887943752,-0.26559874699326746,33224,12.7
VA,261645,Turning_Loop,,2.3016415371973475,,0,0.0
VT,921,Amenity,2.0,2.422657952069717,-0.4226579520697169,3,0.33
VT,921,Bump,,2.42128121606949,,0,0.0
VT,921,Crossing,2.1,2.432098765432099,-0.3320987654320988,30,3.26
VT,921,Give_Way,2.6666666666666665,2.420479302832244,0.24618736383442252,3,0.33
VT,921,Junction,2.7916666666666665,2.411371237458194,0.3802954292084726,24,2.61
VT,921,No_Exit,,2.42128121606949,,0,0.0
VT,921,Railway,,2.42128121606949,,0,0.0
VT,921,Roundabout,,2.42128121606949,,0,0.0
VT,921,Station,2.25,2.422028353326063,-0.17202835332606314,4,0.43
VT,921,Stop,2.2916666666666665,2.4247491638795986,-0.13308249721293208,24,2.61
VT,921,Traffic_Calming,,2.42128121606949,,0,0.0
VT,921,Traffic_Signal,2.15,2.4273029966703663,-0.2773029966703664,20,2.17
VT,921,Turning_Loop,,2.42128121606949,,0,0.0
WA,102384,Amenity,2.0757162346521145,2.380320659835462,-0.3046044251833475,7330,7.16
WA,102384,Bump,2.3185840707964602,2.3585571667432608,-0.03997309594680054,113,0.11
WA,102384,Crossing,2.112374132915641,2.4272292257524457,-0.3148550928368046,22345,21.82
WA,102384,Give_Way,2.3091216216216215,2.358800298648224,-0.04967867702660245,592,0.58
WA,102384,Junction,2.4069586290462177,2.355616052666991,0.05134257637922657,5777,5.64
WA,102384,No_Exit,2.1959910913140313,2.359228920390445,-0.16323782907641382,449,0.44
WA,102384,Railway,2.1052104208416833,2.363549428218512,-0.2583390073768288,1996,1.95
WA,102384,Roundabout,2.857142857142857,2.3584448568916674,0.4986980002511898,14,0.01
WA,102384,Station,2.110721076495539,2.3762441520926876,-0.2655230755971485,6837,6.68
WA,102384,Stop,2.128205128205128,2.3674438424544957,-0.2392387142493675,3822,3.73
WA,102384,Traffic_Calming,2.183206106870229,2.358962809189009,-0.17575670231878027,262,0.26
WA,102384,Traffic_Signal,2.129075705707391,2.406858629456631,-0.27778292374923996,17819,17.4
WA,102384,Turning_Loop,,2.358513048913893,,0,0.0
WI,31569,Amenity,2.384375,2.5091682933853883,-0.12479329338538836,320,1.01
WI,31569,Bump,2.0,2.5079355022650236,-0.5079355022650236,2,0.01
WI,31569,Crossing,2.324096712849769,2.5321643717728053,-0.20806765892303636,3681,11.66
WI,31569,Give_Way,2.5023474178403755,2.507941063911213,-0.005593646070837455,213,0.67
WI,31569,Junction,2.395624768261031,2.5183915211970076,-0.12276675293597661,2697,8.54
WI,31569,No_Exit,2.6363636363636362,2.507318780627506,0.12904485573613034,143,0.45
WI,31569,Railway,2.6,2.507595982710399,0.09240401728960101,105,0.33
WI,31569,Roundabout,,2.5079033228800407,,0,0.0
WI,31569,Station,2.1760633036597428,2.518882125793573,-0.3428188221338302,1011,3.2
WI,31569,Stop,2.582222222222222,2.506828625598509,0.07539359662371314,450,1.43
WI,31569,Traffic_Calming,2.16,2.5087318219343366,-0.3487318219343365,75,0.24
WI,31569,Traffic_Signal,2.3344911427579023,2.5253049843150923,-0.19081384155719006,2879,9.12
WI,31569,Turning_Loop,,2.5079033228800407,,0,0.0
WV,11068,Amenity,2.0952380952380953,2.18592417921277,-0.09068608397467459,42,0.38
WV,11068,Bump,,2.1855800505963137,,0,0.0
WV,11068,Crossing,2.121580547112462,2.1875407393612067,-0.06596019224874494,329,2.97
WV,11068,Give_Way,2.242424242424242,2.185410058903489,0.05701418352075338,33,0.3
WV,11068,Junction,2.257359924026591,2.178032950574139,0.07932697345245199,1053,9.51
WV,11068,No_Exit,2.5,2.1853526220614827,0.31464737793851727,8,0.07
WV,11068,Railway,2.223684210526316,2.185316593886463,0.038367616639853,76,0.69
WV,11068,Roundabout,,2.1855800505963137,,0,0.0
WV,11068,Station,2.0,2.185781476121563,-0.18578147612156304,12,0.11
WV,11068,Stop,2.1621621621621623,2.1857376750955066,-0.023575512933344367,74,0.67
WV,11068,Traffic_Calming,,2.1855800505963137,,0,0.0
WV,11068,Traffic_Signal,2.1139240506329116,2.188786105342647,-0.07486205470973539,474,4.28
WV,11068,Turning_Loop,,2.1855800505963137,,0,0.0
WY,2826,Amenity,2.0,2.3810198300283285,-0.3810198300283285,2,0.07
WY,2826,Bump,,2.380750176928521,,0,0.0
WY,2826,Crossing,2.75,2.3797019162526616,0.3702980837473384,8,0.28
WY,2826,Give_Way,,2.380750176928521,,0,0.0
WY,2826,Junction,2.5875,2.3683420855213804,0.21915791447861954,160,5.66
WY,2826,No_Exit,,2.380750176928521,,0,0.0
WY,2826,Railway,2.0,2.3811547998583067,-0.3811547998583067,3,0.11
WY,2826,Roundabout,,2.380750176928521,,0,0.0
WY,2826,Station,,2.380750176928521,,0,0.0
WY,2826,Stop,2.5,2.3804964539007094,0.11950354609929059,6,0.21
WY,2826,Traffic_Calming,,2.380750176928521,,0,0.0
WY,2826,Traffic_Signal,3.0,2.3789921930447124,0.6210078069552876,8,0.28
WY,2826,Turning_Loop,,2.380750176928521,,0,0.0
